{"cameraMode":{"drawMode":0,"name":"Shaded","section":"Shading Mode"},"sceneLighting":true,"audioPlay":false,"sceneViewState":{"m_AlwaysRefresh":false,"showFog":true,"showSkybox":true,"showFlares":true,"showImageEffects":true,"showParticleSystems":true,"showVisualEffectGraphs":true,"m_FxEnabled":true},"in2DMode":false,"pivot":{"x":-1.1464886665344239,"y":0.8204193115234375,"z":-9.11515998840332},"rotation":{"x":0.6078628897666931,"y":-0.007146338000893593,"z":0.005470959935337305,"w":0.7939895391464233},"size":21.657014846801759,"orthographic":true}